date_pt,whale_presence_rating,vsr_season,s_fincount,fin_acoustic,s_humpbackcount,humpback_acoustic,s_bluecount,blue_acoustic,bwmv,bwmv_rating,zone
9/21/2022,Very High,active,0,Low Rating,42,High Rating,0,High Rating,0.68,low,SF VSR
9/22/2022,Very High,active,0,Low Rating,15,High Rating,0,High Rating,0.75,medium,SF VSR
9/23/2022,Very High,active,0,Low Rating,2,High Rating,0,High Rating,0.78,medium,SF VSR
9/24/2022,Very High,active,0,Low Rating,17,High Rating,0,High Rating,0.83,medium,SF VSR
9/25/2022,Very High,active,0,Low Rating,97,High Rating,0,High Rating,0.77,medium,SF VSR
9/26/2022,Very High,active,0,Low Rating,9,High Rating,0,High Rating,0.7,medium,SF VSR
9/27/2022,Very High,active,0,Low Rating,60,High Rating,0,Medium Rating,0.72,medium,SF VSR
9/28/2022,Very High,active,0,Low Rating,0,High Rating,0,Medium Rating,0.78,medium,SF VSR
9/29/2022,Very High,active,0,Low Rating,2,High Rating,0,High Rating,0.83,medium,SF VSR
9/30/2022,Very High,active,0,Low Rating,0,High Rating,0,High Rating,0.85,medium,SF VSR
10/1/2022,Very High,active,0,Low Rating,19,High Rating,0,Medium Rating,0.83,medium,SF VSR
10/2/2022,Very High,active,0,Low Rating,19,High Rating,0,High Rating,0.77,medium,SF VSR
10/3/2022,Very High,active,0,Low Rating,4,High Rating,0,High Rating,0.71,medium,SF VSR
10/4/2022,Very High,active,0,Low Rating,0,High Rating,0,High Rating,0.78,medium,SF VSR
10/5/2022,Very High,active,0,Low Rating,0,High Rating,0,High Rating,0.85,medium,SF VSR
10/6/2022,Very High,active,0,Low Rating,4,High Rating,0,High Rating,0.86,medium,SF VSR
10/7/2022,Very High,active,0,Low Rating,2,High Rating,0,High Rating,0.81,medium,SF VSR
10/8/2022,Very High,active,0,Low Rating,0,High Rating,0,High Rating,0.78,medium,SF VSR
10/9/2022,Very High,active,0,Low Rating,0,High Rating,1,High Rating,0.78,medium,SF VSR
10/10/2022,Very High,active,0,Low Rating,0,High Rating,0,High Rating,0.78,medium,SF VSR
10/11/2022,Very High,active,0,Low Rating,1,High Rating,0,High Rating,0.77,medium,SF VSR
10/12/2022,Very High,active,0,Low Rating,0,High Rating,0,High Rating,0.75,medium,SF VSR
10/13/2022,Very High,active,0,Low Rating,0,High Rating,0,High Rating,0.76,medium,SF VSR
10/14/2022,Very High,active,0,Low Rating,11,High Rating,0,High Rating,0.76,medium,SF VSR
10/15/2022,Very High,active,1,Low Rating,5,High Rating,0,High Rating,0.72,medium,SF VSR
10/16/2022,Very High,active,0,Low Rating,73,High Rating,5,High Rating,0.7,medium,SF VSR
10/17/2022,Very High,active,0,Low Rating,18,High Rating,0,Medium Rating,0.6,low,SF VSR
10/18/2022,Very High,active,0,Low Rating,27,High Rating,0,Medium Rating,0.64,low,SF VSR
10/19/2022,Very High,active,0,Low Rating,0,High Rating,0,High Rating,0.63,low,SF VSR
10/20/2022,Very High,active,0,Low Rating,0,High Rating,0,High Rating,NA,offline,SF VSR
10/21/2022,Very High,active,0,Low Rating,3,High Rating,0,High Rating,0.73,medium,SF VSR
10/22/2022,Very High,active,0,Low Rating,0,High Rating,0,Medium Rating,0.74,medium,SF VSR
10/23/2022,Very High,active,0,Low Rating,0,High Rating,0,High Rating,0.79,medium,SF VSR
10/24/2022,Very High,active,0,Low Rating,3,High Rating,0,High Rating,0.8,medium,SF VSR
10/25/2022,Very High,active,0,Low Rating,1,High Rating,0,Medium Rating,0.73,medium,SF VSR
10/26/2022,Very High,active,0,Low Rating,0,High Rating,0,High Rating,0.78,medium,SF VSR
10/27/2022,Very High,active,0,Low Rating,1,High Rating,0,High Rating,0.76,medium,SF VSR
10/28/2022,Very High,active,0,Low Rating,0,High Rating,0,High Rating,0.59,low,SF VSR
10/29/2022,Very High,active,0,Low Rating,3,High Rating,10,High Rating,0.6,low,SF VSR
10/30/2022,Very High,active,0,Low Rating,0,High Rating,2,High Rating,0.63,low,SF VSR
10/31/2022,Very High,active,0,Low Rating,0,High Rating,0,High Rating,0.62,low,SF VSR
11/1/2022,Very High,active,0,Low Rating,0,High Rating,0,High Rating,0.59,low,SF VSR
11/2/2022,Very High,active,0,Low Rating,0,High Rating,0,High Rating,0.54,low,SF VSR
11/3/2022,Very High,active,0,Low Rating,22,High Rating,0,High Rating,0.56,low,SF VSR
11/4/2022,Very High,active,0,Low Rating,1,High Rating,0,Medium Rating,0.42,low,SF VSR
11/5/2022,Very High,active,0,Low Rating,1,High Rating,0,Medium Rating,0.44,low,SF VSR
11/6/2022,Very High,active,0,Low Rating,17,High Rating,0,High Rating,0.44,low,SF VSR
11/7/2022,Very High,active,0,Low Rating,0,High Rating,0,High Rating,0.42,low,SF VSR
11/8/2022,Very High,active,0,Low Rating,5,High Rating,0,High Rating,0.41,low,SF VSR
11/9/2022,Very High,active,0,Low Rating,18,High Rating,0,High Rating,0.41,low,SF VSR
11/10/2022,Very High,active,0,Low Rating,17,High Rating,0,High Rating,0.44,low,SF VSR
11/11/2022,Very High,active,0,Medium Rating,19,High Rating,0,High Rating,0.33,low,SF VSR
11/12/2022,Very High,active,0,Low Rating,2,High Rating,0,High Rating,0.31,low,SF VSR
11/13/2022,Very High,active,0,Low Rating,52,High Rating,0,High Rating,0.3,low,SF VSR
11/14/2022,Very High,active,0,Low Rating,52,High Rating,0,High Rating,0.32,low,SF VSR
11/15/2022,Very High,active,0,Low Rating,14,High Rating,0,High Rating,0.32,low,SF VSR
11/16/2022,Very High,active,0,Low Rating,0,High Rating,0,High Rating,0.32,low,SF VSR
11/17/2022,Very High,active,0,Low Rating,11,High Rating,0,High Rating,0.33,low,SF VSR
11/18/2022,Very High,active,0,Low Rating,0,High Rating,0,Low Rating,0.21,low,SF VSR
11/19/2022,Very High,active,0,Low Rating,0,High Rating,0,High Rating,0.2,low,SF VSR
11/20/2022,Very High,active,0,Low Rating,12,High Rating,1,High Rating,0.2,low,SF VSR
11/21/2022,Very High,active,0,Low Rating,7,High Rating,0,High Rating,0.2,low,SF VSR
11/22/2022,Very High,active,0,Low Rating,9,High Rating,0,High Rating,0.2,low,SF VSR
11/23/2022,Very High,active,0,Low Rating,0,High Rating,0,High Rating,0.2,low,SF VSR
11/24/2022,Very High,active,0,Low Rating,0,High Rating,0,High Rating,0.16,low,SF VSR
11/25/2022,Very High,active,0,Low Rating,7,High Rating,0,High Rating,0.05,low,SF VSR
11/26/2022,Very High,active,0,Low Rating,8,High Rating,0,High Rating,0.03,low,SF VSR
11/27/2022,Very High,active,0,Low Rating,0,High Rating,0,High Rating,NA,offline,SF VSR
11/28/2022,Very High,active,0,Low Rating,0,High Rating,0,High Rating,0.03,low,SF VSR
11/29/2022,Very High,active,0,Medium Rating,4,High Rating,0,High Rating,0.02,low,SF VSR
11/30/2022,Very High,active,0,Low Rating,12,High Rating,0,Low Rating,0.02,low,SF VSR
12/1/2022,Very High,active,0,Low Rating,0,High Rating,0,Low Rating,0.05,low,SF VSR
12/2/2022,Very High,active,0,Low Rating,0,High Rating,0,Low Rating,0.03,low,SF VSR
12/3/2022,Very High,active,0,Medium Rating,0,High Rating,0,Low Rating,0.02,low,SF VSR
12/4/2022,Very High,active,0,Low Rating,3,High Rating,0,Low Rating,0.03,low,SF VSR
12/5/2022,High,active,0,Low Rating,0,High Rating,0,High Rating,0.05,low,SF VSR
12/6/2022,High,active,0,Low Rating,1,High Rating,0,Medium Rating,0.02,low,SF VSR
12/7/2022,Very High,active,0,Low Rating,28,High Rating,0,High Rating,0.02,low,SF VSR
12/8/2022,Very High,active,0,Low Rating,0,High Rating,0,Low Rating,0.02,low,SF VSR
12/9/2022,Very High,active,0,Low Rating,4,High Rating,0,Low Rating,0.02,low,SF VSR
12/10/2022,Very High,active,0,Low Rating,0,High Rating,0,Low Rating,0.02,low,SF VSR
12/11/2022,Very High,active,0,Low Rating,0,High Rating,0,Medium Rating,0.02,low,SF VSR
12/12/2022,Very High,active,0,Low Rating,0,High Rating,0,High Rating,0.02,low,SF VSR
12/13/2022,High,active,0,Low Rating,7,High Rating,0,Medium Rating,0.02,low,SF VSR
12/14/2022,Very High,active,0,Low Rating,0,High Rating,0,Medium Rating,0.04,low,SF VSR
12/15/2022,High,active,0,Low Rating,1,High Rating,0,Medium Rating,0.03,low,SF VSR
12/16/2022,High,inactive,0,Low Rating,0,High Rating,0,Low Rating,0.03,low,SF VSR
12/17/2022,Very High,inactive,0,Low Rating,0,High Rating,0,High Rating,0.03,low,SF VSR
12/18/2022,High,inactive,0,Low Rating,0,High Rating,0,Medium Rating,0.02,low,SF VSR
12/19/2022,Very High,inactive,0,Medium Rating,0,High Rating,0,Low Rating,0.02,low,SF VSR
12/20/2022,Very High,inactive,0,Low Rating,0,High Rating,0,Low Rating,0.02,low,SF VSR
12/21/2022,Very High,inactive,0,Low Rating,0,High Rating,0,Medium Rating,0.02,low,SF VSR
12/22/2022,Very High,inactive,0,Low Rating,0,High Rating,0,High Rating,0.02,low,SF VSR
12/23/2022,High,inactive,0,Medium Rating,0,High Rating,0,High Rating,0.03,low,SF VSR
12/24/2022,Very High,inactive,0,Medium Rating,0,High Rating,0,High Rating,0.02,low,SF VSR
12/25/2022,Very High,inactive,0,Low Rating,0,High Rating,0,High Rating,0.05,low,SF VSR
12/26/2022,Very High,inactive,0,Low Rating,0,High Rating,0,High Rating,0.03,low,SF VSR
12/27/2022,Very High,inactive,0,Low Rating,0,High Rating,0,High Rating,0.03,low,SF VSR
12/28/2022,Very High,inactive,0,Low Rating,0,High Rating,0,Medium Rating,0.03,low,SF VSR
12/29/2022,Very High,inactive,0,Low Rating,0,High Rating,0,High Rating,0.02,low,SF VSR
12/30/2022,Very High,inactive,0,Low Rating,0,High Rating,0,Low Rating,0.03,low,SF VSR
12/31/2022,Very High,inactive,0,Low Rating,0,High Rating,0,Medium Rating,0.02,low,SF VSR
1/1/2023,Very High,inactive,0,Low Rating,0,High Rating,0,Low Rating,0.02,low,SF VSR
1/2/2023,Very High,inactive,0,Low Rating,0,High Rating,0,Low Rating,0.02,low,SF VSR
1/3/2023,High,inactive,0,Medium Rating,0,High Rating,0,Low Rating,0.02,low,SF VSR
1/4/2023,High,inactive,0,Low Rating,0,High Rating,0,Low Rating,NA,offline,SF VSR
1/5/2023,High,inactive,0,Medium Rating,0,Medium Rating,0,Low Rating,0.02,low,SF VSR
1/6/2023,High,inactive,0,Low Rating,0,Medium Rating,0,Medium Rating,0.04,low,SF VSR
1/7/2023,High,inactive,0,Low Rating,0,Low Rating,0,Low Rating,0.03,low,SF VSR
1/8/2023,High,inactive,0,Low Rating,0,Low Rating,0,Low Rating,0.02,low,SF VSR
1/9/2023,High,inactive,0,Low Rating,0,Low Rating,0,Low Rating,0.02,low,SF VSR
1/10/2023,Medium,inactive,0,Low Rating,0,Low Rating,0,Low Rating,0.03,low,SF VSR
1/11/2023,Medium,inactive,0,Medium Rating,0,Medium Rating,0,Low Rating,0.02,low,SF VSR
1/12/2023,High,inactive,0,Medium Rating,0,Low Rating,0,Low Rating,0.02,low,SF VSR
1/13/2023,High,inactive,0,Low Rating,0,Low Rating,0,Low Rating,0.02,low,SF VSR
1/14/2023,High,inactive,0,Medium Rating,0,Medium Rating,0,Low Rating,0.02,low,SF VSR
1/15/2023,High,inactive,0,Low Rating,0,Medium Rating,0,Low Rating,0.07,low,SF VSR
1/16/2023,High,inactive,0,Low Rating,0,Medium Rating,0,Low Rating,0.03,low,SF VSR
1/17/2023,Very High,inactive,0,Medium Rating,0,Low Rating,0,Low Rating,0.04,low,SF VSR
1/18/2023,High,inactive,0,Low Rating,0,Low Rating,0,Low Rating,0.06,low,SF VSR
1/19/2023,Very High,inactive,0,Low Rating,0,Low Rating,0,Low Rating,0.03,low,SF VSR
1/20/2023,Medium,inactive,0,Low Rating,0,Low Rating,0,Low Rating,0.03,low,SF VSR
1/21/2023,Medium,inactive,0,Medium Rating,0,Low Rating,0,Low Rating,0.04,low,SF VSR
1/22/2023,High,inactive,0,Low Rating,0,Medium Rating,0,Low Rating,0.03,low,SF VSR
1/23/2023,High,inactive,0,Medium Rating,0,Medium Rating,0,Low Rating,0.02,low,SF VSR
1/24/2023,Medium,inactive,0,Low Rating,0,High Rating,0,Low Rating,0.02,low,SF VSR
1/25/2023,High,inactive,0,Low Rating,0,Medium Rating,0,Low Rating,0.02,low,SF VSR
1/26/2023,High,inactive,0,Low Rating,0,High Rating,0,Low Rating,0.03,low,SF VSR
1/27/2023,High,inactive,0,Low Rating,0,High Rating,0,Low Rating,0.03,low,SF VSR
1/28/2023,High,inactive,0,Low Rating,0,High Rating,0,Low Rating,0.03,low,SF VSR
1/29/2023,High,inactive,0,Low Rating,0,Low Rating,0,Low Rating,0.02,low,SF VSR
1/30/2023,High,inactive,0,Low Rating,0,Low Rating,0,Low Rating,0.02,low,SF VSR
1/31/2023,High,inactive,0,Low Rating,0,Low Rating,0,Low Rating,0.02,low,SF VSR
2/1/2023,High,inactive,0,Low Rating,0,Low Rating,0,Low Rating,0.01,low,SF VSR
2/2/2023,Medium,inactive,0,Low Rating,0,Low Rating,0,Low Rating,0.02,low,SF VSR
2/3/2023,Low,inactive,0,Low Rating,0,Low Rating,0,Low Rating,0.05,low,SF VSR
2/4/2023,Low,inactive,0,Low Rating,0,Low Rating,0,Low Rating,0.02,low,SF VSR
2/5/2023,Low,inactive,0,Low Rating,0,Medium Rating,0,Low Rating,0.02,low,SF VSR
2/6/2023,Low,inactive,0,Low Rating,0,Low Rating,0,Low Rating,0.02,low,SF VSR
2/7/2023,Medium,inactive,0,Low Rating,0,Low Rating,0,Low Rating,0.01,low,SF VSR
2/8/2023,Medium,inactive,0,Low Rating,0,Medium Rating,0,Low Rating,0.01,low,SF VSR
2/9/2023,Medium,inactive,0,Low Rating,0,Medium Rating,0,Low Rating,0.02,low,SF VSR
2/10/2023,High,inactive,0,Low Rating,0,Low Rating,0,Low Rating,0.01,low,SF VSR
2/11/2023,High,inactive,0,Low Rating,0,Low Rating,0,Low Rating,NA,offline,SF VSR
2/12/2023,High,inactive,0,Low Rating,0,Low Rating,0,Low Rating,0.02,low,SF VSR
2/13/2023,High,inactive,0,Low Rating,0,Low Rating,0,Low Rating,0.02,low,SF VSR
2/14/2023,Low,inactive,0,Low Rating,0,Low Rating,0,Low Rating,0.02,low,SF VSR
2/15/2023,Low,inactive,0,Low Rating,0,Low Rating,0,Low Rating,0.02,low,SF VSR
2/16/2023,Low,inactive,0,Low Rating,0,Low Rating,0,Low Rating,0.01,low,SF VSR
2/17/2023,Low,inactive,0,Low Rating,0,Low Rating,0,Low Rating,0.01,low,SF VSR
2/18/2023,Low,inactive,0,Low Rating,0,Low Rating,0,Low Rating,0.01,low,SF VSR
2/19/2023,Low,inactive,0,Low Rating,0,Low Rating,0,Low Rating,0.01,low,SF VSR
2/20/2023,Low,inactive,0,Low Rating,0,Low Rating,0,Low Rating,0.02,low,SF VSR
2/21/2023,Low,inactive,0,Low Rating,0,Low Rating,0,Low Rating,0.01,low,SF VSR
2/22/2023,Low,inactive,0,Low Rating,0,Low Rating,0,Low Rating,0.01,low,SF VSR
2/23/2023,Low,inactive,0,Low Rating,0,Low Rating,0,Low Rating,0.01,low,SF VSR
2/24/2023,Low,inactive,0,Low Rating,0,Low Rating,0,Low Rating,0.01,low,SF VSR
2/25/2023,Low,inactive,0,Low Rating,0,Low Rating,0,Low Rating,0.01,low,SF VSR
2/26/2023,Low,inactive,0,Low Rating,0,Low Rating,0,Low Rating,0.02,low,SF VSR
2/27/2023,Low,inactive,0,Low Rating,0,Low Rating,0,Low Rating,0.02,low,SF VSR
2/28/2023,Low,inactive,0,Low Rating,0,Low Rating,0,Low Rating,0.02,low,SF VSR
3/1/2023,Low,inactive,0,Low Rating,0,Low Rating,0,Low Rating,0.02,low,SF VSR
3/2/2023,Low,inactive,0,Low Rating,0,Low Rating,0,Low Rating,0.02,low,SF VSR
3/3/2023,Low,inactive,0,Low Rating,0,Low Rating,0,Low Rating,0.01,low,SF VSR
3/4/2023,Low,inactive,0,Low Rating,0,Low Rating,0,Low Rating,0.01,low,SF VSR
3/5/2023,Low,inactive,0,Low Rating,1,Low Rating,0,Low Rating,0.01,low,SF VSR
3/6/2023,Low,inactive,0,Low Rating,0,Low Rating,0,Low Rating,0.01,low,SF VSR
3/7/2023,Medium,inactive,0,Low Rating,0,Low Rating,0,Low Rating,0.01,low,SF VSR
3/8/2023,Medium,inactive,0,Low Rating,0,Low Rating,0,Low Rating,0.01,low,SF VSR
3/9/2023,Medium,inactive,0,Low Rating,0,Low Rating,0,Low Rating,0.02,low,SF VSR
3/10/2023,Low,inactive,0,Low Rating,0,Medium Rating,0,Low Rating,0.02,low,SF VSR
3/11/2023,Medium,inactive,0,Low Rating,0,Medium Rating,0,Low Rating,0.02,low,SF VSR
3/12/2023,Medium,inactive,0,Low Rating,0,High Rating,0,Low Rating,0.02,low,SF VSR
3/13/2023,High,inactive,0,Low Rating,0,Low Rating,0,Low Rating,0.02,low,SF VSR
3/14/2023,High,inactive,0,Low Rating,0,Low Rating,0,Low Rating,0.02,low,SF VSR
3/15/2023,High,inactive,0,Low Rating,0,Medium Rating,0,Low Rating,0.03,low,SF VSR
3/16/2023,High,inactive,0,Low Rating,0,Medium Rating,0,Low Rating,0.02,low,SF VSR
3/17/2023,High,inactive,0,Low Rating,0,Medium Rating,0,Low Rating,0.02,low,SF VSR
3/18/2023,Medium,inactive,0,Medium Rating,0,High Rating,0,Low Rating,0.02,low,SF VSR
3/19/2023,High,inactive,0,Low Rating,0,Low Rating,0,Low Rating,0.02,low,SF VSR
3/20/2023,High,inactive,0,Low Rating,0,Low Rating,0,Low Rating,0.02,low,SF VSR
3/21/2023,High,inactive,0,Low Rating,0,Low Rating,0,Low Rating,0.02,low,SF VSR
3/22/2023,High,inactive,0,Low Rating,0,Medium Rating,0,Low Rating,0.02,low,SF VSR
3/23/2023,Medium,inactive,0,Low Rating,0,Low Rating,0,Low Rating,0.02,low,SF VSR
3/24/2023,Medium,inactive,0,Low Rating,0,Low Rating,0,Low Rating,0.02,low,SF VSR
3/25/2023,Medium,inactive,0,Low Rating,0,Low Rating,0,Low Rating,0.01,low,SF VSR
3/26/2023,Medium,inactive,0,Low Rating,0,Low Rating,0,Low Rating,0.01,low,SF VSR
3/27/2023,Medium,inactive,0,Low Rating,0,Medium Rating,0,Low Rating,0.01,low,SF VSR
3/28/2023,Medium,inactive,0,Low Rating,0,Medium Rating,0,Low Rating,0.01,low,SF VSR
3/29/2023,High,inactive,0,Low Rating,0,Medium Rating,0,Low Rating,0.01,low,SF VSR
3/30/2023,Medium,inactive,0,Low Rating,0,Medium Rating,0,Low Rating,0.01,low,SF VSR
3/31/2023,Medium,inactive,0,Low Rating,5,Medium Rating,0,Low Rating,0.01,low,SF VSR
4/1/2023,Medium,inactive,0,Low Rating,0,High Rating,0,Low Rating,0.05,low,SF VSR
4/2/2023,High,inactive,0,Low Rating,4,High Rating,0,Low Rating,0.06,low,SF VSR
4/3/2023,High,inactive,0,Low Rating,0,Medium Rating,0,Low Rating,0.02,low,SF VSR
4/4/2023,High,inactive,0,Low Rating,0,Low Rating,0,Low Rating,0.01,low,SF VSR
4/5/2023,High,inactive,0,Medium Rating,3,Medium Rating,0,Low Rating,0.02,low,SF VSR
4/6/2023,High,inactive,0,Low Rating,2,High Rating,0,Low Rating,0.02,low,SF VSR
4/7/2023,Medium,inactive,0,Low Rating,0,High Rating,0,Low Rating,0.02,low,SF VSR
4/8/2023,High,inactive,0,Low Rating,2,Low Rating,0,Low Rating,0.02,low,SF VSR
4/9/2023,High,inactive,0,Low Rating,8,Medium Rating,0,Low Rating,0.06,low,SF VSR
4/10/2023,High,inactive,0,Low Rating,0,Medium Rating,0,Low Rating,0.06,low,SF VSR
4/11/2023,High,inactive,0,Low Rating,0,Medium Rating,0,Low Rating,0.05,low,SF VSR
4/12/2023,High,inactive,0,Low Rating,0,Medium Rating,0,Low Rating,0.02,low,SF VSR
4/13/2023,High,inactive,0,Low Rating,0,Medium Rating,0,Low Rating,0.01,low,SF VSR
4/14/2023,Medium,inactive,0,Low Rating,0,Medium Rating,0,Low Rating,0.01,low,SF VSR
4/15/2023,Medium,inactive,0,Low Rating,1,Medium Rating,0,Low Rating,0.02,low,SF VSR
4/16/2023,High,inactive,0,Low Rating,2,Medium Rating,0,Medium Rating,0.02,low,SF VSR
4/17/2023,High,inactive,0,Medium Rating,0,Medium Rating,0,High Rating,0.01,low,SF VSR
4/18/2023,Very High,inactive,0,Low Rating,0,Medium Rating,0,Low Rating,0.02,low,SF VSR
4/19/2023,High,inactive,0,Low Rating,0,Low Rating,0,Low Rating,0.02,low,SF VSR
4/20/2023,High,inactive,0,Low Rating,0,Medium Rating,0,Low Rating,0.02,low,SF VSR
4/21/2023,High,inactive,0,Low Rating,0,Low Rating,0,Medium Rating,0.02,low,SF VSR
4/22/2023,Medium,inactive,0,Low Rating,0,Low Rating,0,Low Rating,0.02,low,SF VSR
4/23/2023,Medium,inactive,0,Low Rating,0,Low Rating,0,Medium Rating,0.02,low,SF VSR
4/24/2023,Medium,inactive,0,Low Rating,0,Medium Rating,0,Low Rating,0.02,low,SF VSR
4/25/2023,High,inactive,0,Low Rating,0,Medium Rating,0,Low Rating,0.01,low,SF VSR
4/26/2023,Medium,inactive,0,Low Rating,0,Low Rating,0,Low Rating,0.01,low,SF VSR
4/27/2023,Medium,inactive,0,Low Rating,0,Medium Rating,0,Medium Rating,0.05,low,SF VSR
4/28/2023,Medium,inactive,0,Low Rating,0,Medium Rating,0,Medium Rating,0.09,low,SF VSR
4/29/2023,High,inactive,0,Low Rating,0,Medium Rating,0,Medium Rating,0.23,low,SF VSR
4/30/2023,Medium,inactive,0,Low Rating,0,Medium Rating,0,Low Rating,0.13,low,SF VSR
5/1/2023,Medium,active,0,Low Rating,0,Low Rating,0,Low Rating,0.04,low,SF VSR
5/2/2023,Medium,active,0,Low Rating,0,Medium Rating,0,Medium Rating,0.02,low,SF VSR
5/3/2023,Medium,active,0,Low Rating,0,Medium Rating,0,High Rating,0.03,low,SF VSR
5/4/2023,Medium,active,0,Low Rating,0,Medium Rating,0,Medium Rating,0.03,low,SF VSR
5/5/2023,High,active,0,Low Rating,4,Medium Rating,0,Medium Rating,0.07,low,SF VSR
5/6/2023,High,active,0,Low Rating,0,High Rating,0,Low Rating,0.07,low,SF VSR
5/7/2023,Very High,active,0,Low Rating,4,High Rating,0,High Rating,NA,offline,SF VSR
5/8/2023,Very High,active,0,Low Rating,0,High Rating,0,High Rating,NA,offline,SF VSR
5/9/2023,Very High,active,0,Low Rating,0,Medium Rating,0,Medium Rating,NA,offline,SF VSR
5/10/2023,Very High,active,0,Low Rating,0,High Rating,0,Low Rating,NA,offline,SF VSR
5/11/2023,Very High,active,0,Low Rating,18,High Rating,0,Medium Rating,NA,offline,SF VSR
5/12/2023,Very High,active,0,Low Rating,0,Medium Rating,0,Low Rating,NA,offline,SF VSR
5/13/2023,Very High,active,0,Low Rating,5,Medium Rating,0,High Rating,0.04,low,SF VSR
5/14/2023,High,active,0,Low Rating,0,Medium Rating,0,Low Rating,0.08,low,SF VSR
5/15/2023,High,active,0,Low Rating,0,Medium Rating,0,Medium Rating,0.22,low,SF VSR
5/16/2023,Medium,active,0,Low Rating,0,Medium Rating,0,High Rating,0.15,low,SF VSR
5/17/2023,High,active,0,Low Rating,0,Medium Rating,0,High Rating,0.05,low,SF VSR
5/18/2023,Very High,active,0,Low Rating,0,Medium Rating,0,High Rating,0.05,low,SF VSR
5/19/2023,High,active,0,Low Rating,0,Medium Rating,0,High Rating,0.03,low,SF VSR
5/20/2023,High,active,0,Low Rating,0,High Rating,0,High Rating,0.03,low,SF VSR
5/21/2023,Very High,active,0,Medium Rating,0,Medium Rating,0,High Rating,0.03,low,SF VSR
5/22/2023,Very High,active,0,Low Rating,0,High Rating,0,High Rating,0.08,low,SF VSR
5/23/2023,Very High,active,0,Medium Rating,0,High Rating,0,High Rating,0.15,low,SF VSR
5/24/2023,Very High,active,0,Low Rating,0,High Rating,0,High Rating,0.13,low,SF VSR
5/25/2023,Very High,active,0,Low Rating,0,Medium Rating,0,Medium Rating,0.13,low,SF VSR
5/26/2023,Very High,active,0,Low Rating,4,Medium Rating,0,Medium Rating,0.13,low,SF VSR
5/27/2023,Very High,active,0,Low Rating,8,Medium Rating,0,Medium Rating,0.13,low,SF VSR
5/28/2023,Very High,active,0,Low Rating,0,Medium Rating,0,Medium Rating,0.12,low,SF VSR
5/29/2023,Very High,active,0,Low Rating,6,Medium Rating,0,High Rating,0.17,low,SF VSR
5/30/2023,Very High,active,0,Low Rating,59,Medium Rating,0,Medium Rating,0.21,low,SF VSR
5/31/2023,Very High,active,0,Medium Rating,0,Medium Rating,0,High Rating,0.19,low,SF VSR
6/1/2023,Very High,active,0,Low Rating,0,Medium Rating,0,High Rating,0.14,low,SF VSR
6/2/2023,Very High,active,0,Low Rating,0,Medium Rating,0,High Rating,0.18,low,SF VSR
6/3/2023,Very High,active,0,Medium Rating,0,Medium Rating,0,High Rating,0.35,low,SF VSR
6/4/2023,Very High,active,0,Low Rating,0,High Rating,0,Medium Rating,0.21,low,SF VSR
6/5/2023,Very High,active,0,Low Rating,0,High Rating,0,High Rating,0.24,low,SF VSR
6/6/2023,Very High,active,0,Low Rating,0,High Rating,0,High Rating,0.23,low,SF VSR
6/7/2023,Very High,active,0,Low Rating,26,High Rating,0,Medium Rating,0.24,low,SF VSR
6/8/2023,Very High,active,0,Low Rating,148,Medium Rating,0,Medium Rating,0.21,low,SF VSR
6/9/2023,Very High,active,0,Low Rating,36,Low Rating,0,Medium Rating,0.24,low,SF VSR
6/10/2023,Very High,active,0,Low Rating,16,Low Rating,0,Medium Rating,0.36,low,SF VSR
6/11/2023,Very High,active,0,Low Rating,0,Low Rating,0,Medium Rating,0.51,low,SF VSR
6/12/2023,High,active,0,Low Rating,27,Low Rating,0,High Rating,0.49,low,SF VSR
6/13/2023,Very High,active,0,Low Rating,41,Low Rating,8,High Rating,0.34,low,SF VSR
6/14/2023,Very High,active,0,Low Rating,0,Low Rating,0,High Rating,0.37,low,SF VSR
6/15/2023,Very High,active,0,Medium Rating,10,Low Rating,0,High Rating,0.4,low,SF VSR
6/16/2023,Very High,active,0,Low Rating,0,Medium Rating,0,Medium Rating,0.53,low,SF VSR
6/17/2023,Very High,active,0,Medium Rating,25,Medium Rating,0,High Rating,0.57,low,SF VSR
6/18/2023,Very High,active,0,Medium Rating,0,Medium Rating,0,High Rating,0.54,low,SF VSR
6/19/2023,Very High,active,0,Low Rating,0,Low Rating,0,High Rating,0.64,low,SF VSR
6/20/2023,Very High,active,0,Low Rating,0,Low Rating,0,High Rating,0.53,low,SF VSR
6/21/2023,Very High,active,0,Low Rating,0,Low Rating,0,Medium Rating,0.55,low,SF VSR
6/22/2023,High,active,0,Low Rating,0,Low Rating,0,Medium Rating,0.56,low,SF VSR
6/23/2023,Very High,active,0,Low Rating,0,Low Rating,0,Medium Rating,0.54,low,SF VSR
6/24/2023,High,active,0,Low Rating,3,Low Rating,0,Low Rating,0.61,low,SF VSR
6/25/2023,High,active,0,Low Rating,0,Low Rating,0,Low Rating,0.68,low,SF VSR
6/26/2023,Medium,active,0,Low Rating,0,Low Rating,0,Low Rating,0.7,medium,SF VSR
6/27/2023,Medium,active,0,Low Rating,0,Low Rating,0,High Rating,0.72,medium,SF VSR
6/28/2023,High,active,0,Low Rating,0,Medium Rating,0,High Rating,0.74,medium,SF VSR
6/29/2023,High,active,0,Low Rating,2,Low Rating,0,Medium Rating,0.71,medium,SF VSR
6/30/2023,High,active,0,Low Rating,0,Low Rating,0,Low Rating,0.72,medium,SF VSR
7/1/2023,High,active,0,Low Rating,1,Low Rating,0,Low Rating,0.88,medium,SF VSR
7/2/2023,High,active,0,Low Rating,3,Low Rating,1,Low Rating,0.83,medium,SF VSR
7/3/2023,High,active,0,Low Rating,7,Low Rating,0,Medium Rating,0.75,medium,SF VSR
7/4/2023,Medium,active,0,Low Rating,13,Low Rating,0,Medium Rating,0.67,low,SF VSR
7/5/2023,Medium,active,0,Low Rating,24,Low Rating,3,Medium Rating,0.63,low,SF VSR
7/6/2023,Medium,active,0,Medium Rating,0,Medium Rating,0,Medium Rating,0.69,low,SF VSR
7/7/2023,Medium,active,0,Medium Rating,0,Low Rating,0,High Rating,0.73,medium,SF VSR
7/8/2023,High,active,0,Low Rating,0,Low Rating,0,Medium Rating,0.75,medium,SF VSR
7/9/2023,High,active,0,Low Rating,9,Low Rating,0,Medium Rating,0.75,medium,SF VSR
7/10/2023,High,active,0,Low Rating,0,Low Rating,0,High Rating,0.81,medium,SF VSR
7/11/2023,High,active,0,Low Rating,0,Low Rating,0,High Rating,0.82,medium,SF VSR
7/12/2023,Very High,active,0,Low Rating,0,Low Rating,0,High Rating,0.86,medium,SF VSR
7/13/2023,Very High,active,0,Low Rating,1,Medium Rating,0,Medium Rating,0.84,medium,SF VSR
7/14/2023,Very High,active,0,Low Rating,0,Low Rating,0,High Rating,0.82,medium,SF VSR
7/15/2023,High,active,0,Low Rating,0,Low Rating,0,High Rating,0.86,medium,SF VSR
7/16/2023,High,active,0,Low Rating,4,Low Rating,0,High Rating,0.82,medium,SF VSR
7/17/2023,High,active,0,Low Rating,0,Low Rating,0,High Rating,0.81,medium,SF VSR
7/18/2023,High,active,0,Low Rating,0,Low Rating,0,High Rating,NA,offline,SF VSR
7/19/2023,High,active,0,Low Rating,1,Low Rating,0,High Rating,NA,offline,SF VSR
7/20/2023,High,active,0,Low Rating,0,Low Rating,0,High Rating,NA,offline,SF VSR
7/21/2023,High,active,0,Low Rating,0,Medium Rating,0,High Rating,NA,offline,SF VSR
7/22/2023,High,active,0,Low Rating,0,Low Rating,0,Medium Rating,NA,offline,SF VSR
7/23/2023,High,active,0,Low Rating,0,Low Rating,0,Low Rating,NA,offline,SF VSR
7/24/2023,High,active,0,Medium Rating,0,Low Rating,0,High Rating,NA,offline,SF VSR
7/25/2023,High,active,0,Medium Rating,0,Low Rating,0,High Rating,NA,offline,SF VSR
7/26/2023,High,active,0,Low Rating,0,Low Rating,0,High Rating,NA,offline,SF VSR
7/27/2023,High,active,0,Medium Rating,0,Medium Rating,0,High Rating,NA,offline,SF VSR
7/28/2023,High,active,0,Medium Rating,0,Medium Rating,0,High Rating,NA,offline,SF VSR
7/29/2023,High,active,0,Low Rating,18,Medium Rating,0,High Rating,NA,offline,SF VSR
7/30/2023,High,active,0,Low Rating,0,Medium Rating,0,Medium Rating,NA,offline,SF VSR
7/31/2023,High,active,0,Low Rating,0,High Rating,0,Medium Rating,NA,offline,SF VSR
8/1/2023,Very High,active,0,Medium Rating,0,High Rating,0,Medium Rating,NA,offline,SF VSR
8/2/2023,Very High,active,0,Low Rating,0,High Rating,0,Medium Rating,NA,offline,SF VSR
8/3/2023,Very High,active,0,Medium Rating,0,High Rating,0,High Rating,NA,offline,SF VSR
8/4/2023,Very High,active,0,Medium Rating,0,High Rating,0,High Rating,NA,offline,SF VSR
8/5/2023,Very High,active,0,Medium Rating,0,High Rating,0,High Rating,NA,offline,SF VSR
8/6/2023,Very High,active,0,Low Rating,0,High Rating,0,High Rating,NA,offline,SF VSR
8/7/2023,Very High,active,0,Low Rating,0,High Rating,0,High Rating,NA,offline,SF VSR
8/8/2023,Very High,active,0,Medium Rating,0,Medium Rating,0,High Rating,NA,offline,SF VSR
8/9/2023,Very High,active,0,Medium Rating,0,High Rating,0,High Rating,NA,offline,SF VSR
8/10/2023,Very High,active,0,Low Rating,5,High Rating,0,High Rating,NA,offline,SF VSR
8/11/2023,Very High,active,0,Low Rating,27,High Rating,0,High Rating,NA,offline,SF VSR
8/12/2023,Very High,active,0,Medium Rating,1,High Rating,0,High Rating,NA,offline,SF VSR
8/13/2023,Very High,active,0,Low Rating,31,High Rating,0,Low Rating,NA,offline,SF VSR
8/14/2023,Very High,active,0,Low Rating,5,High Rating,0,Medium Rating,NA,offline,SF VSR
8/15/2023,Very High,active,0,Low Rating,0,High Rating,0,Medium Rating,NA,offline,SF VSR
8/16/2023,Very High,active,0,Low Rating,32,High Rating,0,Low Rating,NA,offline,SF VSR
8/17/2023,High,active,0,Low Rating,0,High Rating,0,Low Rating,NA,offline,SF VSR
8/18/2023,High,active,0,Low Rating,28,High Rating,0,Low Rating,NA,offline,SF VSR
8/19/2023,High,active,0,Medium Rating,3,High Rating,0,High Rating,NA,offline,SF VSR
8/20/2023,High,active,0,Low Rating,6,High Rating,0,Low Rating,NA,offline,SF VSR
8/21/2023,Very High,active,0,Medium Rating,0,High Rating,0,Low Rating,NA,offline,SF VSR
8/22/2023,Very High,active,0,Low Rating,2,High Rating,0,Medium Rating,NA,offline,SF VSR
8/23/2023,Very High,active,0,Low Rating,12,High Rating,0,High Rating,NA,offline,SF VSR
8/24/2023,Very High,active,0,Medium Rating,4,High Rating,0,High Rating,NA,offline,SF VSR
8/25/2023,Very High,active,0,Medium Rating,6,High Rating,0,High Rating,NA,offline,SF VSR
8/26/2023,Very High,active,0,Medium Rating,1,High Rating,0,Low Rating,NA,offline,SF VSR
8/27/2023,Very High,active,0,Medium Rating,0,High Rating,0,Low Rating,NA,offline,SF VSR
8/28/2023,Very High,active,0,Low Rating,0,High Rating,0,High Rating,NA,offline,SF VSR
8/29/2023,Very High,active,0,Low Rating,1,High Rating,0,Low Rating,NA,offline,SF VSR
8/30/2023,Very High,active,0,Low Rating,0,High Rating,0,Medium Rating,NA,offline,SF VSR
8/31/2023,Very High,active,0,Low Rating,0,High Rating,0,High Rating,NA,offline,SF VSR
9/1/2023,High,active,0,Medium Rating,2,High Rating,0,Medium Rating,NA,offline,SF VSR
9/2/2023,Very High,active,0,Low Rating,2,High Rating,0,Medium Rating,NA,offline,SF VSR
9/3/2023,Very High,active,0,Low Rating,2,High Rating,0,High Rating,NA,offline,SF VSR
9/4/2023,Very High,active,0,Low Rating,2,High Rating,0,High Rating,NA,offline,SF VSR
9/5/2023,Very High,active,0,Medium Rating,0,High Rating,0,High Rating,NA,offline,SF VSR
9/6/2023,Very High,active,0,Low Rating,2,High Rating,0,High Rating,NA,offline,SF VSR
9/7/2023,Very High,active,0,Low Rating,21,High Rating,0,High Rating,NA,offline,SF VSR
9/8/2023,Very High,active,0,Low Rating,9,High Rating,0,High Rating,NA,offline,SF VSR
9/9/2023,Very High,active,0,Low Rating,0,High Rating,0,High Rating,NA,offline,SF VSR
9/10/2023,Very High,active,0,Low Rating,2,High Rating,0,High Rating,NA,offline,SF VSR
9/11/2023,Very High,active,0,Low Rating,3,High Rating,0,High Rating,NA,offline,SF VSR
9/12/2023,Very High,active,0,Low Rating,0,High Rating,0,Medium Rating,NA,offline,SF VSR
9/13/2023,Very High,active,0,Low Rating,0,High Rating,0,Medium Rating,NA,offline,SF VSR
9/14/2023,Very High,active,0,Low Rating,10,High Rating,0,High Rating,NA,offline,SF VSR
9/15/2023,Very High,active,0,Low Rating,49,High Rating,0,High Rating,NA,offline,SF VSR
9/16/2023,Very High,active,0,Low Rating,59,High Rating,0,High Rating,NA,offline,SF VSR
9/17/2023,Very High,active,0,Low Rating,61,High Rating,0,Medium Rating,NA,offline,SF VSR
9/18/2023,Very High,active,0,Low Rating,16,High Rating,0,Low Rating,NA,offline,SF VSR
9/19/2023,Very High,active,0,Low Rating,0,High Rating,0,Low Rating,NA,offline,SF VSR
9/20/2023,Very High,active,0,Low Rating,0,High Rating,0,Medium Rating,NA,offline,SF VSR
9/21/2023,Very High,active,0,Low Rating,5,High Rating,0,Medium Rating,NA,offline,SF VSR
9/22/2023,Very High,active,0,Low Rating,7,High Rating,0,High Rating,NA,offline,SF VSR
9/23/2023,Very High,active,0,Medium Rating,24,High Rating,0,High Rating,NA,offline,SF VSR
9/24/2023,Very High,active,0,Low Rating,0,High Rating,0,Low Rating,NA,offline,SF VSR
9/25/2023,Very High,active,0,Low Rating,2,High Rating,0,Low Rating,NA,offline,SF VSR
9/26/2023,Very High,active,0,Low Rating,0,High Rating,0,Low Rating,NA,offline,SF VSR
9/27/2023,Very High,active,0,Low Rating,11,High Rating,0,Low Rating,NA,offline,SF VSR
9/28/2023,Very High,active,0,Low Rating,0,High Rating,0,Low Rating,NA,offline,SF VSR
9/29/2023,High,active,0,offline,6,offline,0,offline,NA,offline,SF VSR
9/30/2023,High,active,0,offline,0,offline,0,offline,NA,offline,SF VSR
10/1/2023,High,active,0,offline,0,offline,0,offline,NA,offline,SF VSR
10/2/2023,High,active,0,offline,0,offline,0,offline,NA,offline,SF VSR
10/3/2023,High,active,0,offline,0,offline,0,offline,NA,offline,SF VSR
10/4/2023,Medium,active,0,offline,2,offline,0,offline,0.82,medium,SF VSR
10/5/2023,Medium,active,0,offline,7,offline,0,offline,0.72,medium,SF VSR
10/6/2023,High,active,0,offline,1,offline,0,offline,0.68,low,SF VSR
10/7/2023,High,active,0,offline,0,offline,0,offline,0.63,low,SF VSR
10/8/2023,High,active,0,offline,0,offline,0,offline,0.67,low,SF VSR
10/9/2023,High,active,0,offline,3,offline,0,offline,0.68,low,SF VSR
10/10/2023,Medium,active,0,offline,5,offline,0,offline,0.65,low,SF VSR
10/11/2023,Medium,active,0,offline,0,offline,0,offline,0.67,low,SF VSR
10/12/2023,Medium,active,0,offline,3,offline,0,offline,0.74,medium,SF VSR
10/13/2023,Medium,active,0,offline,53,offline,0,offline,0.75,medium,SF VSR
10/14/2023,High,active,0,offline,6,offline,0,offline,0.67,low,SF VSR
10/15/2023,High,active,0,offline,2,offline,0,offline,0.61,low,SF VSR
10/16/2023,High,active,0,offline,28,offline,0,offline,0.6,low,SF VSR
10/17/2023,High,active,0,offline,0,offline,0,offline,0.65,low,SF VSR
10/18/2023,High,active,0,offline,0,offline,0,offline,0.76,medium,SF VSR
10/19/2023,High,active,0,offline,22,offline,0,offline,0.75,medium,SF VSR
10/20/2023,High,active,0,offline,0,offline,0,offline,0.63,low,SF VSR
10/21/2023,High,active,0,offline,15,offline,0,offline,0.58,low,SF VSR
10/22/2023,High,active,0,offline,0,offline,0,offline,0.69,low,SF VSR
10/23/2023,High,active,0,offline,0,offline,0,offline,0.7,medium,SF VSR
10/24/2023,High,active,0,offline,0,offline,0,offline,0.8,medium,SF VSR
10/25/2023,High,active,0,offline,8,offline,0,offline,0.79,medium,SF VSR
10/26/2023,High,active,0,offline,4,offline,0,offline,0.79,medium,SF VSR
10/27/2023,High,active,0,offline,0,offline,0,offline,0.82,medium,SF VSR
10/28/2023,High,active,0,offline,0,offline,0,offline,0.69,low,SF VSR
10/29/2023,High,active,0,offline,7,offline,0,offline,0.61,low,SF VSR
10/30/2023,High,active,0,offline,0,offline,0,offline,0.61,low,SF VSR
10/31/2023,High,active,0,offline,0,offline,0,offline,0.6,low,SF VSR
11/1/2023,High,active,0,offline,1,offline,0,offline,0.61,low,SF VSR
11/2/2023,High,active,0,offline,4,offline,0,offline,0.64,low,SF VSR
11/3/2023,Medium,active,0,offline,4,offline,0,offline,0.67,low,SF VSR
11/4/2023,Medium,active,0,offline,3,offline,0,offline,0.56,low,SF VSR
11/5/2023,Medium,active,0,offline,0,offline,0,offline,0.57,low,SF VSR
11/6/2023,Medium,active,0,offline,0,offline,0,offline,0.56,low,SF VSR
11/7/2023,Medium,active,0,offline,2,offline,0,offline,0.59,low,SF VSR
11/8/2023,Medium,active,0,offline,2,offline,0,offline,0.56,low,SF VSR
11/9/2023,Medium,active,0,offline,15,offline,0,offline,0.54,low,SF VSR
11/10/2023,High,active,0,offline,0,offline,0,offline,0.53,low,SF VSR
11/11/2023,High,active,0,offline,11,offline,0,offline,0.39,low,SF VSR
11/12/2023,High,active,0,offline,25,offline,0,offline,0.38,low,SF VSR
11/13/2023,High,active,0,offline,8,offline,0,offline,0.35,low,SF VSR
11/14/2023,High,active,0,offline,0,offline,0,offline,0.35,low,SF VSR
11/15/2023,High,active,0,offline,0,offline,0,offline,0.31,low,SF VSR
11/16/2023,High,active,0,offline,2,offline,0,offline,0.28,low,SF VSR
11/17/2023,High,active,0,offline,0,offline,0,offline,0.3,low,SF VSR
11/18/2023,Medium,active,0,offline,0,offline,0,offline,0.22,low,SF VSR
11/19/2023,Medium,active,0,offline,0,offline,0,offline,0.24,low,SF VSR
11/20/2023,Medium,active,0,offline,0,offline,0,offline,0.23,low,SF VSR
11/21/2023,Medium,active,0,offline,0,offline,0,offline,0.19,low,SF VSR
11/22/2023,Low,active,0,offline,0,offline,0,offline,0.18,low,SF VSR
11/23/2023,Low,active,0,offline,0,offline,0,offline,0.17,low,SF VSR
11/24/2023,Low,active,0,offline,2,offline,0,offline,0.18,low,SF VSR
11/25/2023,Medium,active,0,offline,4,offline,0,offline,0.06,low,SF VSR
11/26/2023,Medium,active,0,offline,4,offline,0,offline,0.05,low,SF VSR
11/27/2023,Medium,active,0,offline,2,offline,0,offline,0.05,low,SF VSR
11/28/2023,Medium,active,0,offline,0,offline,0,offline,0.04,low,SF VSR
11/29/2023,Medium,active,0,offline,1,offline,0,offline,0.05,low,SF VSR
11/30/2023,Medium,active,0,offline,0,offline,0,offline,0.04,low,SF VSR
12/1/2023,Medium,active,0,offline,0,offline,0,offline,0.04,low,SF VSR
12/2/2023,Low,active,0,offline,1,offline,0,offline,0.04,low,SF VSR
12/3/2023,Medium,active,0,offline,0,offline,0,offline,0.05,low,SF VSR
12/4/2023,Medium,active,0,offline,0,offline,0,offline,0.07,low,SF VSR
12/5/2023,Medium,active,0,offline,4,offline,0,offline,0.07,low,SF VSR
12/6/2023,Medium,active,0,offline,0,offline,0,offline,0.06,low,SF VSR
12/7/2023,Medium,active,0,offline,0,offline,0,offline,0.06,low,SF VSR
12/8/2023,Medium,active,0,offline,7,offline,0,offline,0.05,low,SF VSR
12/9/2023,High,active,0,offline,0,offline,0,offline,0.05,low,SF VSR
12/10/2023,High,active,0,offline,0,offline,0,offline,0.03,low,SF VSR
12/11/2023,High,active,0,offline,0,offline,0,offline,0.04,low,SF VSR
12/12/2023,High,active,0,offline,0,offline,0,offline,0.04,low,SF VSR
12/13/2023,Medium,active,0,offline,3,offline,0,offline,0.04,low,SF VSR
12/14/2023,Medium,active,0,offline,0,offline,0,offline,0.04,low,SF VSR
12/15/2023,Medium,active,0,offline,0,offline,0,offline,0.04,low,SF VSR
12/16/2023,Medium,inactive,0,offline,0,offline,0,offline,0.03,low,SF VSR
12/17/2023,Medium,inactive,0,offline,0,offline,0,offline,0.04,low,SF VSR
12/18/2023,Low,inactive,0,offline,0,offline,0,offline,0.06,low,SF VSR
12/19/2023,Low,inactive,0,offline,0,offline,0,offline,0.05,low,SF VSR
12/20/2023,Low,inactive,0,offline,0,offline,0,offline,0.05,low,SF VSR
12/21/2023,Low,inactive,0,offline,0,offline,0,offline,0.06,low,SF VSR
12/22/2023,Low,inactive,0,offline,0,offline,0,offline,0.09,low,SF VSR
12/23/2023,Low,inactive,0,offline,0,offline,0,offline,0.06,low,SF VSR
12/24/2023,Low,inactive,0,offline,0,offline,0,offline,0.08,low,SF VSR
12/25/2023,Low,inactive,0,offline,0,offline,0,offline,0.05,low,SF VSR
12/26/2023,Low,inactive,0,offline,0,offline,0,offline,0.06,low,SF VSR
12/27/2023,Low,inactive,0,offline,0,offline,0,offline,0.06,low,SF VSR
12/28/2023,Low,inactive,0,offline,0,offline,0,offline,0.07,low,SF VSR
12/29/2023,Low,inactive,0,offline,0,offline,0,offline,0.06,low,SF VSR
12/30/2023,Low,inactive,0,offline,0,offline,0,offline,0.06,low,SF VSR
12/31/2023,Low,inactive,0,offline,0,offline,0,offline,0.04,low,SF VSR
1/1/2024,Low,inactive,0,offline,0,offline,0,offline,0.06,low,SF VSR
1/2/2024,Low,inactive,0,offline,0,offline,0,offline,0.07,low,SF VSR
1/3/2024,Low,inactive,0,offline,0,offline,0,offline,0.07,low,SF VSR
1/4/2024,Low,inactive,0,offline,0,offline,0,offline,0.06,low,SF VSR
1/5/2024,Low,inactive,0,offline,0,offline,0,offline,0.04,low,SF VSR
1/6/2024,Low,inactive,0,offline,0,offline,0,offline,0.04,low,SF VSR
1/7/2024,Low,inactive,0,offline,0,offline,0,offline,0.04,low,SF VSR
1/8/2024,Low,inactive,0,offline,0,offline,0,offline,0.04,low,SF VSR
1/9/2024,Low,inactive,0,offline,0,offline,0,offline,0.03,low,SF VSR
1/10/2024,Low,inactive,0,offline,0,offline,0,offline,0.02,low,SF VSR
1/11/2024,Low,inactive,0,offline,5,offline,0,offline,0.02,low,SF VSR
1/12/2024,Medium,inactive,0,offline,4,offline,0,offline,0.02,low,SF VSR
1/13/2024,Medium,inactive,0,offline,0,offline,0,offline,0.02,low,SF VSR
1/14/2024,Medium,inactive,0,offline,0,offline,0,offline,0.02,low,SF VSR
1/15/2024,Medium,inactive,0,offline,8,offline,0,offline,0.02,low,SF VSR
1/16/2024,High,inactive,0,offline,0,offline,0,offline,0.02,low,SF VSR
1/17/2024,High,inactive,0,offline,0,offline,0,offline,0.02,low,SF VSR
1/18/2024,High,inactive,0,offline,0,offline,0,offline,0.02,low,SF VSR
1/19/2024,High,inactive,0,offline,0,offline,0,offline,0.03,low,SF VSR
1/20/2024,Low,inactive,0,offline,0,offline,0,offline,0.02,low,SF VSR
1/21/2024,Low,inactive,0,offline,0,offline,0,offline,0.03,low,SF VSR
1/22/2024,Low,inactive,0,offline,5,offline,0,offline,0.04,low,SF VSR
1/23/2024,Medium,inactive,0,offline,2,offline,0,offline,0.03,low,SF VSR
1/24/2024,Medium,inactive,0,offline,0,offline,0,offline,0.03,low,SF VSR
1/25/2024,Medium,inactive,0,offline,0,offline,0,offline,0.04,low,SF VSR
1/26/2024,Medium,inactive,0,offline,0,offline,0,offline,0.03,low,SF VSR
1/27/2024,Medium,inactive,0,offline,0,offline,0,offline,0.03,low,SF VSR
1/28/2024,Low,inactive,0,offline,0,offline,0,offline,0.04,low,SF VSR
1/29/2024,Low,inactive,0,offline,11,offline,0,offline,0.05,low,SF VSR
1/30/2024,High,inactive,0,offline,0,offline,0,offline,0.05,low,SF VSR
1/31/2024,High,inactive,0,offline,0,offline,0,offline,0.07,low,SF VSR
2/1/2024,High,inactive,0,offline,0,offline,0,offline,0.06,low,SF VSR
2/2/2024,High,inactive,0,offline,0,offline,0,offline,0.04,low,SF VSR
2/3/2024,High,inactive,0,offline,0,offline,0,offline,0.04,low,SF VSR
2/4/2024,Low,inactive,0,offline,0,offline,0,offline,0.04,low,SF VSR
2/5/2024,Low,inactive,0,offline,0,offline,0,offline,0.05,low,SF VSR
2/6/2024,Low,inactive,0,offline,0,offline,0,offline,0.05,low,SF VSR
2/7/2024,Low,inactive,0,offline,0,offline,0,offline,0.04,low,SF VSR
2/8/2024,Low,inactive,0,offline,0,offline,0,offline,0.05,low,SF VSR
2/9/2024,Low,inactive,0,offline,0,offline,0,offline,0.05,low,SF VSR
2/10/2024,Low,inactive,0,offline,0,offline,0,offline,0.03,low,SF VSR
2/11/2024,Low,inactive,0,offline,0,offline,0,offline,0.02,low,SF VSR
2/12/2024,Low,inactive,0,offline,1,offline,0,offline,0.03,low,SF VSR
2/13/2024,Medium,inactive,0,offline,0,offline,0,offline,0.04,low,SF VSR
2/14/2024,Medium,inactive,0,offline,0,offline,0,offline,0.03,low,SF VSR
2/15/2024,Medium,inactive,0,offline,0,offline,0,offline,0.03,low,SF VSR
2/16/2024,Medium,inactive,0,offline,0,offline,0,offline,0.03,low,SF VSR
2/17/2024,Low,inactive,0,offline,0,offline,0,offline,0.03,low,SF VSR
2/18/2024,Low,inactive,0,offline,0,offline,0,offline,0.03,low,SF VSR
2/19/2024,Low,inactive,0,offline,0,offline,0,offline,0.04,low,SF VSR
2/20/2024,Low,inactive,0,offline,0,offline,0,offline,0.05,low,SF VSR
2/21/2024,Low,inactive,0,offline,0,offline,0,offline,0.03,low,SF VSR
2/22/2024,Low,inactive,0,offline,0,offline,0,offline,0.03,low,SF VSR
2/23/2024,Low,inactive,0,offline,0,offline,0,offline,0.05,low,SF VSR
2/24/2024,Low,inactive,0,offline,0,offline,0,offline,0.04,low,SF VSR
2/25/2024,Low,inactive,0,offline,0,offline,0,offline,0.04,low,SF VSR
2/26/2024,Low,inactive,0,offline,0,offline,0,offline,0.04,low,SF VSR
2/27/2024,Low,inactive,0,offline,1,offline,0,offline,0.05,low,SF VSR
2/28/2024,Medium,inactive,0,offline,0,offline,0,offline,0.06,low,SF VSR
2/29/2024,Medium,inactive,0,offline,0,offline,0,offline,0.06,low,SF VSR
3/1/2024,Medium,inactive,0,offline,0,offline,0,offline,0.06,low,SF VSR
3/2/2024,Medium,inactive,0,offline,0,offline,0,offline,0.16,low,SF VSR
3/3/2024,Low,inactive,0,offline,2,offline,0,offline,0.13,low,SF VSR
3/4/2024,Low,inactive,0,offline,0,offline,0,offline,0.13,low,SF VSR
3/5/2024,Medium,inactive,0,offline,0,offline,0,offline,0.13,low,SF VSR
3/6/2024,Medium,inactive,0,offline,0,offline,0,offline,0.12,low,SF VSR
3/7/2024,Medium,inactive,0,offline,0,offline,0,offline,0.09,low,SF VSR
3/8/2024,Medium,inactive,0,offline,0,offline,3,offline,0.1,low,SF VSR
3/9/2024,High,inactive,0,offline,0,offline,0,offline,0.08,low,SF VSR
3/10/2024,High,inactive,0,offline,2,offline,0,offline,0.14,low,SF VSR
3/11/2024,High,inactive,0,offline,0,offline,0,offline,0.15,low,SF VSR
3/12/2024,High,inactive,0,offline,0,offline,0,offline,0.15,low,SF VSR
3/13/2024,High,inactive,0,offline,0,offline,0,offline,0.18,low,SF VSR
3/14/2024,Medium,inactive,0,offline,0,offline,0,offline,0.07,low,SF VSR
3/15/2024,Low,inactive,0,offline,0,offline,0,offline,0.05,low,SF VSR
3/16/2024,Low,inactive,0,offline,0,offline,0,offline,0.04,low,SF VSR
3/17/2024,Low,inactive,0,offline,0,offline,0,offline,0.07,low,SF VSR
3/18/2024,Low,inactive,0,offline,1,offline,0,offline,0.32,low,SF VSR
3/19/2024,Medium,inactive,0,offline,3,offline,0,offline,0.4,low,SF VSR
3/20/2024,Medium,inactive,0,offline,1,offline,0,offline,0.48,low,SF VSR
3/21/2024,Medium,inactive,0,offline,5,offline,0,offline,0.55,low,SF VSR
3/22/2024,Medium,inactive,0,offline,1,offline,0,offline,0.16,low,SF VSR
3/23/2024,Medium,inactive,0,offline,0,offline,0,offline,0.17,low,SF VSR
3/24/2024,Medium,inactive,0,offline,0,offline,0,offline,0.11,low,SF VSR
3/25/2024,Medium,inactive,0,offline,0,offline,0,offline,0.06,low,SF VSR
3/26/2024,Medium,inactive,0,offline,0,offline,0,offline,0.05,low,SF VSR
3/27/2024,Low,inactive,0,offline,0,offline,0,offline,0.05,low,SF VSR
3/28/2024,Low,inactive,0,offline,0,offline,0,offline,0.04,low,SF VSR
3/29/2024,Low,inactive,0,offline,0,offline,0,offline,0.05,low,SF VSR
3/30/2024,Low,inactive,0,offline,0,offline,0,offline,NA,offline,SF VSR
3/31/2024,Low,inactive,0,offline,0,offline,0,offline,NA,offline,SF VSR
4/1/2024,Low,inactive,0,offline,0,offline,0,offline,NA,offline,SF VSR
4/2/2024,Low,inactive,0,offline,2,offline,0,offline,NA,offline,SF VSR
4/3/2024,Low,inactive,0,offline,0,offline,0,offline,NA,offline,SF VSR
4/4/2024,Medium,inactive,0,offline,0,offline,0,offline,NA,offline,SF VSR
4/5/2024,Medium,inactive,0,offline,0,offline,0,offline,NA,offline,SF VSR
4/6/2024,Medium,inactive,0,offline,0,offline,0,offline,NA,offline,SF VSR
4/7/2024,Low,inactive,0,offline,0,offline,0,offline,NA,offline,SF VSR
4/8/2024,Low,inactive,0,offline,0,offline,0,offline,NA,offline,SF VSR
4/9/2024,Low,inactive,0,offline,0,offline,0,offline,0.04,low,SF VSR
4/10/2024,Low,inactive,0,offline,0,offline,0,offline,0.05,low,SF VSR
4/11/2024,Low,inactive,0,offline,0,offline,0,offline,0.06,low,SF VSR
4/12/2024,Low,inactive,0,offline,0,offline,0,offline,0.06,low,SF VSR
4/13/2024,Low,inactive,0,offline,0,offline,0,offline,0.05,low,SF VSR
4/14/2024,Low,inactive,0,offline,2,offline,0,offline,0.04,low,SF VSR
4/15/2024,Medium,inactive,0,offline,0,offline,0,offline,0.06,low,SF VSR
4/16/2024,Medium,inactive,0,offline,0,offline,0,offline,0.07,low,SF VSR
4/17/2024,Medium,inactive,0,offline,0,offline,0,offline,0.08,low,SF VSR
4/18/2024,Medium,inactive,0,offline,0,offline,0,offline,0.1,low,SF VSR
4/19/2024,Low,inactive,0,offline,0,offline,0,offline,0.12,low,SF VSR
4/20/2024,Low,inactive,0,offline,3,offline,0,offline,0.11,low,SF VSR
4/21/2024,Medium,inactive,0,offline,0,offline,0,offline,0.1,low,SF VSR
4/22/2024,Medium,inactive,0,offline,0,offline,0,offline,0.08,low,SF VSR
4/23/2024,Medium,inactive,0,offline,0,offline,0,offline,0.14,low,SF VSR
4/24/2024,Medium,inactive,0,offline,1,offline,0,offline,0.09,low,SF VSR
4/25/2024,Medium,inactive,0,offline,0,offline,0,offline,0.13,low,SF VSR
4/26/2024,Medium,inactive,0,offline,0,offline,0,offline,0.09,low,SF VSR
4/27/2024,Medium,inactive,0,offline,0,offline,0,offline,0.13,low,SF VSR
4/28/2024,Medium,inactive,0,offline,0,offline,0,offline,0.04,low,SF VSR
4/29/2024,Low,inactive,0,offline,0,offline,0,offline,0.03,low,SF VSR
4/30/2024,Low,inactive,0,offline,0,offline,0,offline,0.02,low,SF VSR
5/1/2024,Low,active,0,offline,1,offline,0,offline,0.02,low,SF VSR
5/2/2024,Medium,active,0,offline,0,offline,0,offline,0.02,low,SF VSR
5/3/2024,Medium,active,0,offline,0,offline,0,offline,0.02,low,SF VSR
5/4/2024,Medium,active,0,offline,0,offline,0,offline,0.03,low,SF VSR
5/5/2024,Medium,active,0,offline,0,offline,0,offline,0.02,low,SF VSR
5/6/2024,Low,active,0,offline,0,offline,0,offline,0.02,low,SF VSR
5/7/2024,Low,active,0,offline,0,offline,0,offline,0.03,low,SF VSR
5/8/2024,Low,active,0,offline,0,offline,0,offline,0.02,low,SF VSR
5/9/2024,Low,active,0,offline,4,offline,0,offline,0.03,low,SF VSR
5/10/2024,Medium,active,0,offline,0,offline,5,offline,0.06,low,SF VSR
5/11/2024,High,active,0,offline,1,offline,0,offline,0.11,low,SF VSR
5/12/2024,High,active,0,offline,1,offline,0,offline,0.16,low,SF VSR
5/13/2024,High,active,0,offline,0,offline,0,offline,0.1,low,SF VSR
5/14/2024,High,active,0,offline,0,offline,0,offline,0.08,low,SF VSR
5/15/2024,Medium,active,0,offline,0,offline,0,offline,0.07,low,SF VSR
5/16/2024,Medium,active,0,offline,0,offline,0,offline,0.06,low,SF VSR
5/17/2024,Medium,active,0,offline,0,offline,0,offline,0.18,low,SF VSR
5/18/2024,Low,active,0,offline,0,offline,0,offline,0.11,low,SF VSR
5/19/2024,Low,active,0,offline,0,offline,0,offline,0.31,low,SF VSR
5/20/2024,Low,active,0,offline,0,offline,0,offline,0.28,low,SF VSR
5/21/2024,Low,active,0,offline,0,offline,0,offline,0.11,low,SF VSR
5/22/2024,Low,active,0,offline,0,offline,0,offline,0.16,low,SF VSR
5/23/2024,Low,active,0,offline,0,offline,0,offline,0.07,low,SF VSR
5/24/2024,Low,active,0,offline,0,offline,0,offline,0.03,low,SF VSR
5/25/2024,Low,active,0,offline,0,offline,0,offline,0.03,low,SF VSR
5/26/2024,Low,active,0,offline,0,offline,0,offline,0.02,low,SF VSR
5/27/2024,Low,active,0,offline,0,offline,0,offline,0.04,low,SF VSR
5/28/2024,Low,active,0,offline,0,offline,0,offline,0.04,low,SF VSR
5/29/2024,Low,active,0,offline,0,offline,0,offline,0.04,low,SF VSR
5/30/2024,Low,active,0,offline,0,offline,0,offline,0.02,low,SF VSR
5/31/2024,Low,active,0,offline,0,offline,0,offline,0.03,low,SF VSR
6/1/2024,Low,active,0,offline,0,offline,0,offline,0.07,low,SF VSR
6/2/2024,Low,active,0,offline,0,offline,0,offline,0.19,low,SF VSR
6/3/2024,Low,active,0,offline,0,offline,0,offline,0.17,low,SF VSR
6/4/2024,Low,active,0,offline,0,offline,0,offline,0.19,low,SF VSR
6/5/2024,Low,active,0,offline,0,offline,0,offline,0.19,low,SF VSR
6/6/2024,Low,active,0,offline,0,offline,0,offline,0.23,low,SF VSR
6/7/2024,Low,active,0,offline,0,offline,0,offline,0.3,low,SF VSR
6/8/2024,Low,active,0,offline,0,offline,0,offline,0.2,low,SF VSR
6/9/2024,Low,active,0,offline,0,offline,0,offline,0.37,low,SF VSR
6/10/2024,Low,active,0,offline,0,offline,0,offline,0.45,low,SF VSR
6/11/2024,Low,active,0,offline,0,offline,0,offline,0.45,low,SF VSR
6/12/2024,Low,active,0,offline,0,offline,0,offline,0.44,low,SF VSR
6/13/2024,Low,active,0,offline,0,offline,0,offline,0.51,low,SF VSR
6/14/2024,Low,active,0,offline,0,offline,0,offline,0.52,low,SF VSR
6/15/2024,Low,active,0,offline,0,offline,0,offline,0.43,low,SF VSR
6/16/2024,Low,active,0,offline,0,offline,0,offline,0.52,low,SF VSR
6/17/2024,Low,active,0,offline,0,offline,0,offline,0.52,low,SF VSR
6/18/2024,Low,active,0,offline,0,offline,0,offline,0.53,low,SF VSR
6/19/2024,Low,active,0,offline,0,offline,0,offline,0.51,low,SF VSR
6/20/2024,Low,active,0,offline,0,offline,0,offline,0.54,low,SF VSR
6/21/2024,Low,active,0,offline,0,offline,0,offline,0.56,low,SF VSR
6/22/2024,Low,active,0,offline,0,offline,0,offline,0.54,low,SF VSR
6/23/2024,Low,active,0,offline,3,offline,0,offline,0.74,medium,SF VSR
6/24/2024,Medium,active,0,offline,0,offline,0,offline,0.72,medium,SF VSR
6/25/2024,Medium,active,0,offline,3,offline,0,offline,0.7,medium,SF VSR
6/26/2024,Medium,active,0,offline,0,offline,3,offline,0.68,low,SF VSR
6/27/2024,High,active,0,offline,1,offline,3,offline,0.62,low,SF VSR
6/28/2024,High,active,0,offline,1,offline,0,offline,0.7,medium,SF VSR
6/29/2024,High,active,0,offline,0,offline,0,offline,0.74,medium,SF VSR
6/30/2024,High,active,0,offline,0,offline,0,offline,0.9,medium,SF VSR
7/1/2024,High,active,0,offline,2,offline,2,offline,0.92,medium,SF VSR
7/2/2024,High,active,0,offline,0,offline,0,offline,0.9,medium,SF VSR
7/3/2024,High,active,0,offline,5,offline,0,offline,0.82,medium,SF VSR
7/4/2024,High,active,0,offline,0,offline,0,offline,0.75,medium,SF VSR
7/5/2024,High,active,2,offline,40,offline,0,offline,0.8,medium,SF VSR
7/6/2024,Very High,active,0,offline,0,offline,0,offline,0.79,medium,SF VSR
7/7/2024,Very High,active,0,offline,15,offline,0,offline,0.78,medium,SF VSR
7/8/2024,Very High,active,0,offline,0,offline,0,offline,0.81,medium,SF VSR
7/9/2024,Very High,active,0,offline,3,offline,0,offline,0.71,medium,SF VSR
7/10/2024,Very High,active,0,offline,0,offline,0,offline,0.64,low,SF VSR
7/11/2024,High,active,0,offline,0,offline,0,offline,0.65,low,SF VSR
7/12/2024,Medium,active,0,offline,0,offline,0,offline,0.79,medium,SF VSR
7/13/2024,Medium,active,3,offline,26,offline,5,offline,0.82,medium,SF VSR
7/14/2024,Very High,active,4,offline,9,offline,5,offline,0.83,medium,SF VSR
7/15/2024,Very High,active,0,offline,11,offline,10,offline,0.85,medium,SF VSR
7/16/2024,Very High,active,1,offline,10,offline,4,offline,0.71,medium,SF VSR
7/17/2024,Very High,active,0,offline,0,offline,0,offline,0.68,low,SF VSR
7/18/2024,Very High,active,0,offline,0,offline,0,offline,0.73,medium,SF VSR
7/19/2024,Very High,active,0,offline,0,offline,0,offline,0.81,medium,SF VSR
7/20/2024,Very High,active,0,offline,0,offline,0,offline,0.86,medium,SF VSR
7/21/2024,Low,active,0,offline,0,offline,0,offline,0.86,medium,SF VSR
7/22/2024,Medium,active,0,offline,0,offline,0,offline,0.85,medium,SF VSR
7/23/2024,Medium,active,0,offline,0,offline,0,offline,0.82,medium,SF VSR
7/24/2024,Low,active,0,offline,2,offline,5,offline,0.71,medium,SF VSR
7/25/2024,High,active,0,offline,1,offline,5,offline,0.73,medium,SF VSR
7/26/2024,High,active,0,offline,0,offline,0,offline,0.78,medium,SF VSR
7/27/2024,High,active,0,offline,16,offline,0,offline,0.82,medium,SF VSR
7/28/2024,High,active,6,offline,28,offline,19,offline,0.82,medium,SF VSR
7/29/2024,Very High,active,0,offline,0,offline,0,offline,0.82,medium,SF VSR
7/30/2024,Very High,active,1,offline,20,offline,9,offline,0.82,medium,SF VSR
7/31/2024,Very High,active,0,offline,0,offline,0,offline,0.83,medium,SF VSR
8/1/2024,Very High,active,0,offline,0,offline,0,offline,0.73,medium,SF VSR
8/2/2024,Very High,active,0,offline,0,offline,0,offline,0.69,low,SF VSR
8/3/2024,Very High,active,0,offline,6,offline,0,offline,0.79,medium,SF VSR
8/4/2024,Very High,active,0,offline,0,offline,0,offline,0.81,medium,SF VSR
8/5/2024,Medium,active,0,offline,0,offline,0,offline,0.82,medium,SF VSR
8/6/2024,Medium,active,0,offline,0,offline,0,offline,0.81,medium,SF VSR
8/7/2024,Medium,active,0,offline,0,offline,0,offline,0.79,medium,SF VSR
8/8/2024,Medium,active,0,offline,0,offline,0,offline,0.72,medium,SF VSR
8/9/2024,Low,active,0,offline,1,offline,2,offline,0.75,medium,SF VSR
8/10/2024,High,active,0,offline,0,offline,0,offline,0.78,medium,SF VSR
8/11/2024,High,active,0,offline,0,offline,0,offline,0.81,medium,SF VSR
8/12/2024,High,active,1,offline,9,offline,5,offline,0.8,medium,SF VSR
8/13/2024,Very High,active,0,offline,22,offline,4,offline,0.82,medium,SF VSR
8/14/2024,Very High,active,0,offline,0,offline,0,offline,0.83,medium,SF VSR
8/15/2024,Very High,active,0,offline,0,offline,0,offline,0.83,medium,SF VSR
8/16/2024,Very High,active,0,offline,0,offline,0,offline,0.84,medium,SF VSR
8/17/2024,Very High,active,0,offline,1,offline,0,offline,0.85,medium,SF VSR
8/18/2024,Medium,active,1,offline,26,offline,2,offline,0.77,medium,SF VSR
8/19/2024,Very High,active,0,offline,0,offline,6,offline,0.77,medium,SF VSR
8/20/2024,Very High,active,1,offline,0,offline,5,offline,0.8,medium,SF VSR
8/21/2024,Very High,active,1,offline,3,offline,11,offline,0.79,medium,SF VSR
8/22/2024,Very High,active,0,offline,7,offline,7,offline,0.82,medium,SF VSR
8/23/2024,Very High,active,0,offline,7,offline,0,offline,0.79,medium,SF VSR
8/24/2024,Very High,active,0,offline,7,offline,3,offline,0.71,medium,SF VSR
8/25/2024,Very High,active,0,offline,5,offline,0,offline,0.73,medium,SF VSR
8/26/2024,Very High,active,0,offline,0,offline,0,offline,0.78,medium,SF VSR
8/27/2024,Very High,active,0,offline,12,offline,0,offline,0.78,medium,SF VSR
8/28/2024,Very High,active,0,offline,3,offline,0,offline,0.82,medium,SF VSR
8/29/2024,High,active,0,offline,32,offline,0,offline,0.8,medium,SF VSR
8/30/2024,High,active,0,offline,24,offline,0,offline,0.79,medium,SF VSR
8/31/2024,High,active,1,offline,24,offline,0,offline,0.84,medium,SF VSR
9/1/2024,High,active,0,offline,10,offline,3,offline,0.79,medium,SF VSR
9/2/2024,Very High,active,0,offline,23,offline,5,offline,0.84,medium,SF VSR
9/3/2024,Very High,active,0,offline,0,offline,0,offline,0.85,medium,SF VSR
9/4/2024,Very High,active,0,offline,0,offline,0,offline,0.81,medium,SF VSR
9/5/2024,Very High,active,0,offline,0,offline,0,offline,0.82,medium,SF VSR
9/6/2024,Very High,active,0,offline,0,offline,0,offline,NA,offline,SF VSR
9/7/2024,Medium,active,0,offline,53,offline,1,offline,NA,offline,SF VSR
9/8/2024,Medium,active,0,offline,0,offline,0,offline,NA,offline,SF VSR
9/9/2024,Medium,active,0,offline,17,offline,1,offline,NA,offline,SF VSR
9/10/2024,High,active,0,offline,8,offline,0,offline,NA,offline,SF VSR
9/11/2024,High,active,0,offline,0,offline,0,offline,NA,offline,SF VSR
9/12/2024,High,active,0,offline,0,offline,0,offline,NA,offline,SF VSR
9/13/2024,High,active,0,offline,0,offline,0,offline,NA,offline,SF VSR
9/14/2024,High,active,0,offline,19,offline,3,offline,NA,offline,SF VSR
9/15/2024,Low,active,0,offline,0,offline,0,offline,NA,offline,SF VSR
9/16/2024,Low,active,0,offline,0,offline,0,offline,NA,offline,SF VSR
9/17/2024,Very High,active,0,offline,4,offline,0,offline,NA,offline,SF VSR
9/18/2024,Very High,active,0,offline,0,offline,0,offline,NA,offline,SF VSR
9/19/2024,Medium,active,0,offline,0,offline,0,offline,NA,offline,SF VSR
9/20/2024,Medium,active,0,offline,0,offline,0,offline,NA,offline,SF VSR
9/21/2024,Medium,active,2,offline,47,offline,0,offline,NA,offline,SF VSR
9/22/2024,Medium,active,0,offline,0,offline,0,offline,NA,offline,SF VSR
9/23/2024,Low,active,0,offline,18,offline,0,offline,NA,offline,SF VSR
9/24/2024,High,active,0,offline,15,offline,0,offline,NA,offline,SF VSR
9/25/2024,High,active,0,offline,43,offline,0,offline,NA,offline,SF VSR
9/26/2024,High,active,0,offline,0,offline,0,offline,0.82,medium,SF VSR
9/27/2024,High,active,0,offline,8,offline,0,offline,0.83,medium,SF VSR
9/28/2024,High,active,0,offline,26,offline,0,offline,0.83,medium,SF VSR
9/29/2024,High,active,0,offline,2,offline,0,offline,0.83,medium,SF VSR
9/30/2024,High,active,0,offline,0,offline,0,offline,0.74,medium,SF VSR
10/1/2024,High,active,0,offline,1,offline,0,offline,0.72,medium,SF VSR
10/2/2024,High,active,0,offline,3,offline,0,offline,0.71,medium,SF VSR
10/3/2024,Medium,active,0,offline,11,offline,0,offline,0.73,medium,SF VSR
10/4/2024,High,active,0,offline,0,offline,0,offline,0.72,medium,SF VSR
10/5/2024,High,active,5,offline,43,offline,2,offline,0.74,medium,SF VSR
10/6/2024,High,active,0,offline,17,offline,0,offline,0.77,medium,SF VSR
10/7/2024,High,active,0,offline,0,offline,0,offline,0.79,medium,SF VSR
10/8/2024,Very High,active,0,offline,0,offline,0,offline,0.79,medium,SF VSR
10/9/2024,Very High,active,0,offline,0,offline,0,offline,0.81,medium,SF VSR
10/10/2024,High,active,0,offline,6,offline,0,offline,0.8,medium,SF VSR
10/11/2024,Medium,active,0,offline,21,offline,0,offline,0.79,medium,SF VSR
10/12/2024,High,active,0,offline,0,offline,0,offline,0.78,medium,SF VSR
10/13/2024,High,active,0,offline,1,offline,0,offline,0.79,medium,SF VSR
10/14/2024,High,active,0,offline,0,offline,0,offline,0.75,medium,SF VSR
10/15/2024,High,active,0,offline,0,offline,0,offline,0.78,medium,SF VSR
10/16/2024,High,active,0,offline,26,offline,0,offline,0.77,medium,SF VSR
10/17/2024,High,active,0,offline,0,offline,0,offline,0.8,medium,SF VSR
10/18/2024,High,active,0,offline,0,offline,0,offline,0.83,medium,SF VSR
10/19/2024,High,active,0,offline,19,offline,0,offline,0.8,medium,SF VSR
10/20/2024,High,active,0,offline,25,offline,0,offline,0.73,medium,SF VSR
10/21/2024,High,active,0,offline,20,offline,0,offline,0.69,low,SF VSR
10/22/2024,High,active,0,offline,19,offline,0,offline,0.71,medium,SF VSR
10/23/2024,High,active,0,offline,13,offline,0,offline,0.75,medium,SF VSR
10/24/2024,High,active,0,offline,2,offline,0,offline,0.75,medium,SF VSR
10/25/2024,High,active,0,offline,11,offline,0,offline,0.72,medium,SF VSR
10/26/2024,High,active,0,offline,44,offline,0,offline,0.7,medium,SF VSR
10/27/2024,High,active,0,offline,0,offline,0,offline,0.54,low,SF VSR
10/28/2024,High,active,0,offline,14,offline,0,offline,0.48,low,SF VSR
10/29/2024,High,active,0,offline,8,offline,0,offline,0.53,low,SF VSR
10/30/2024,High,active,0,offline,10,offline,0,offline,0.52,low,SF VSR
10/31/2024,High,active,0,offline,2,offline,0,offline,0.49,low,SF VSR
11/1/2024,High,active,0,offline,0,offline,0,offline,0.48,low,SF VSR
11/2/2024,High,active,0,offline,0,offline,0,offline,0.49,low,SF VSR
11/3/2024,High,active,0,offline,0,offline,0,offline,0.42,low,SF VSR
11/4/2024,High,active,0,offline,0,offline,0,offline,0.45,low,SF VSR
11/5/2024,Low,active,0,offline,7,offline,0,offline,0.46,low,SF VSR
11/6/2024,High,active,0,offline,0,offline,0,offline,0.45,low,SF VSR
11/7/2024,High,active,0,offline,6,offline,0,offline,0.41,low,SF VSR
11/8/2024,High,active,0,offline,6,offline,0,offline,0.42,low,SF VSR
11/9/2024,High,active,0,offline,5,offline,0,offline,0.4,low,SF VSR
11/10/2024,Medium,active,0,offline,12,offline,0,offline,0.29,low,SF VSR
11/11/2024,High,active,0,offline,25,offline,0,offline,0.29,low,SF VSR
11/12/2024,High,active,0,offline,6,offline,0,offline,0.28,low,SF VSR
11/13/2024,High,active,0,offline,18,offline,0,offline,0.32,low,SF VSR
11/14/2024,High,active,0,offline,17,offline,0,offline,0.32,low,SF VSR
11/15/2024,High,active,0,offline,0,offline,0,offline,0.35,low,SF VSR
11/16/2024,High,active,0,offline,5,offline,0,offline,0.35,low,SF VSR
11/17/2024,High,active,0,offline,0,offline,0,offline,0.15,low,SF VSR
11/18/2024,High,active,0,offline,4,offline,0,offline,0.14,low,SF VSR
11/19/2024,Medium,active,0,offline,5,offline,0,offline,0.14,low,SF VSR
11/20/2024,Medium,active,0,offline,0,offline,0,offline,0.16,low,SF VSR
11/21/2024,Medium,active,0,offline,0,offline,0,offline,0.14,low,SF VSR
11/22/2024,Medium,active,0,offline,0,offline,0,offline,0.15,low,SF VSR
11/23/2024,Medium,active,0,offline,14,offline,0,offline,0.16,low,SF VSR
11/24/2024,High,active,0,offline,0,offline,0,offline,0.03,low,SF VSR
11/25/2024,High,active,0,offline,0,offline,0,offline,NA,offline,SF VSR
11/26/2024,High,active,0,offline,0,offline,0,offline,NA,offline,SF VSR
11/27/2024,High,active,0,offline,1,offline,0,offline,NA,offline,SF VSR
11/28/2024,Medium,active,0,offline,0,offline,1,offline,NA,offline,SF VSR
11/29/2024,Medium,active,0,offline,0,offline,0,offline,NA,offline,SF VSR
11/30/2024,Medium,active,0,offline,0,offline,0,offline,NA,offline,SF VSR
12/1/2024,Medium,active,0,offline,1,offline,1,offline,NA,offline,SF VSR
12/2/2024,Medium,active,0,offline,52,offline,0,offline,NA,offline,SF VSR
12/3/2024,Medium,active,0,offline,0,offline,0,offline,NA,offline,SF VSR
12/4/2024,Medium,active,0,offline,4,offline,0,offline,NA,offline,SF VSR
12/5/2024,Medium,active,0,offline,2,offline,0,offline,NA,offline,SF VSR
12/6/2024,High,active,0,offline,0,offline,0,offline,NA,offline,SF VSR
12/7/2024,Medium,active,0,offline,2,offline,0,offline,NA,offline,SF VSR
12/8/2024,Medium,active,0,offline,0,offline,0,offline,NA,offline,SF VSR
12/9/2024,Medium,active,0,offline,0,offline,0,offline,NA,offline,SF VSR
12/10/2024,Low,active,0,offline,0,offline,0,offline,NA,offline,SF VSR
12/11/2024,Low,active,0,offline,0,offline,0,offline,NA,offline,SF VSR
12/12/2024,Low,active,0,offline,0,offline,0,offline,NA,offline,SF VSR
12/13/2024,Low,active,0,offline,0,offline,0,offline,NA,offline,SF VSR
12/14/2024,Low,active,0,offline,0,offline,0,offline,NA,offline,SF VSR
12/15/2024,Low,active,0,offline,0,offline,0,offline,NA,offline,SF VSR
12/16/2024,Low,active,0,offline,0,offline,0,offline,NA,offline,SF VSR
12/17/2024,Low,active,0,offline,0,offline,0,offline,NA,offline,SF VSR
12/18/2024,Low,active,0,offline,3,offline,0,offline,NA,offline,SF VSR
12/19/2024,Medium,active,0,offline,0,offline,0,offline,NA,offline,SF VSR
12/20/2024,Medium,active,0,offline,0,offline,0,offline,NA,offline,SF VSR
12/21/2024,Medium,active,0,offline,0,offline,0,offline,NA,offline,SF VSR
12/22/2024,Medium,active,0,offline,0,offline,0,offline,NA,offline,SF VSR
12/23/2024,Low,active,0,offline,0,offline,0,offline,NA,offline,SF VSR
12/24/2024,Low,active,0,offline,0,offline,0,offline,NA,offline,SF VSR
12/25/2024,Low,active,0,offline,0,offline,0,offline,NA,offline,SF VSR
12/26/2024,Low,active,0,offline,0,offline,0,offline,NA,offline,SF VSR
12/27/2024,Low,active,0,offline,0,offline,0,offline,NA,offline,SF VSR
12/28/2024,Low,active,0,offline,0,offline,0,offline,NA,offline,SF VSR
12/29/2024,Low,active,0,offline,0,offline,0,offline,NA,offline,SF VSR
12/30/2024,Low,active,0,offline,0,offline,0,offline,NA,offline,SF VSR
12/31/2024,Low,active,0,offline,0,offline,0,offline,NA,offline,SF VSR
1/1/2025,Low,active,0,offline,0,offline,0,offline,NA,offline,SF VSR
1/2/2025,Low,active,0,offline,0,offline,0,offline,NA,offline,SF VSR
1/3/2025,Low,active,0,offline,0,offline,0,offline,NA,offline,SF VSR
1/4/2025,Low,active,0,offline,0,offline,0,offline,NA,offline,SF VSR
1/5/2025,Low,active,0,offline,0,offline,0,offline,NA,offline,SF VSR
1/6/2025,Low,active,0,offline,0,offline,0,offline,NA,offline,SF VSR
1/7/2025,Low,active,0,offline,0,offline,0,offline,NA,offline,SF VSR
1/8/2025,Low,active,0,offline,0,offline,0,offline,NA,offline,SF VSR
1/9/2025,Low,active,0,offline,0,offline,0,offline,NA,offline,SF VSR
1/10/2025,Low,active,0,offline,3,offline,0,offline,NA,offline,SF VSR
1/11/2025,Medium,active,0,offline,0,offline,0,offline,NA,offline,SF VSR
1/12/2025,Medium,active,0,offline,0,offline,0,offline,NA,offline,SF VSR
1/13/2025,Medium,active,0,offline,0,offline,0,offline,NA,offline,SF VSR
1/14/2025,Medium,active,0,offline,0,offline,0,offline,NA,offline,SF VSR
1/15/2025,Low,active,0,offline,0,offline,0,offline,NA,offline,SF VSR
